timestamp,post_author,post_preview,like_score,is_job_post,post_url
2025-11-05T05:07:23.930Z,"Deprina G.Deprina G.
              
                
                   
    
      
    
    
      
    

 ‚Ä¢ 3rd+Premium ‚Ä¢ 3rd+","Check out this job at Google: Content Lead, Creative Works",9,true,urn:li:activity:7391640326060494848
2025-11-05T05:59:58.680Z,"Olena GavriluykOlena Gavriluyk
              
                
                   
    
      
    
    
      
    

 ‚Ä¢ 3rd+Premium ‚Ä¢ 3rd+","üöÄ –í–∞–∫–∞–Ω—Å—ñ—è Business Development Analystüìç–õ–∏—à–µ –º.–¢–µ—Ä–Ω–æ–ø—ñ–ª—å, –≥—ñ–±—Ä–∏–¥–Ω–∏–π —Ñ–æ—Ä–º–∞—Ç —Ä–æ–±–æ—Ç–∏ üïô –§—É–ª-—Ç–∞–π–º, 10:",8,true,urn:li:activity:7390060524321013761
2025-11-05T06:01:30.320Z,"Cathy HeckCathy Heck
              
                
                   
    
      
    
    
      
    

 ‚Ä¢ 3rd+Premium ‚Ä¢ 3rd+","HOT JOB! Attention HR Professionals, exciting CTH opportunity to lead the administration of key Gene",7,true,urn:li:activity:7391694858039689216
