timestamp,post_author,post_preview,comment_text,comment_score,is_job_post,post_url
2025-11-05T06:01:01.863Z,"Olena GavriluykOlena Gavriluyk
              
                
                   
    
      
    
    
      
    

 ‚Ä¢ 3rd+Premium ‚Ä¢ 3rd+","üöÄ –í–∞–∫–∞–Ω—Å—ñ—è Business Development Analystüìç–õ–∏—à–µ –º.–¢–µ—Ä–Ω–æ–ø—ñ–ª—å, –≥—ñ–±—Ä–∏–¥–Ω–∏–π —Ñ–æ—Ä–º–∞—Ç —Ä–æ–±–æ—Ç–∏ üïô –§—É–ª-—Ç–∞–π–º, 10:","Excited to learn more about this Business Development Analyst role, especially given my background in analytical work and interest in B2B sales.",9,true,urn:li:activity:7390060524321013761
